Model,Accuracy,Precision (Fan On),Recall (Fan On),F1-Score (Fan On),Precision (Fan Off),Recall (Fan Off),F1-Score (Fan Off)
RandomForest,1.0,1.0,1.0,1.0,1.0,1.0,1.0
XGBoost,0.998,0.9935897435897436,1.0,0.9967845659163987,1.0,0.9971014492753624,0.9985486211901307
Neural Network (MLP),0.867,0.9916666666666667,0.5758064516129032,0.7285714285714285,0.8396341463414634,0.9978260869565218,0.9119205298013245
